chunk,threads,setsize,time
10,2,4,0.000000
10,2,4,0.000000
10,2,4,0.000000
10,2,4,0.000000
10,2,4,0.000000
10,2,4,0.001000
10,2,4,0.000000
10,2,4,0.000000
10,2,4,0.000000
10,2,4,0.000000
10,2,4,0.000000
10,2,4,0.001000
10,2,4,0.000000
10,2,4,0.000000
10,2,4,0.000000
10,2,4,0.000000
10,2,4,0.000000
10,2,4,0.000000
10,2,4,0.000000
10,2,4,0.001000
10,2,4,0.000000
10,2,4,0.000000
10,2,4,0.000000
10,2,4,0.000000
10,2,4,0.000000
10,2,4,0.000000
10,2,4,0.000000
10,2,4,0.001000
10,2,4,0.000000
10,2,4,0.002000
10,2,8,0.001000
10,2,8,0.000000
10,2,8,0.001000
10,2,8,0.000000
10,2,8,0.000000
10,2,8,0.000000
10,2,8,0.000000
10,2,8,0.001000
10,2,8,0.000000
10,2,8,0.000000
10,2,8,0.000000
10,2,8,0.001000
10,2,8,0.000000
10,2,8,0.001000
10,2,8,0.000000
10,2,8,0.000000
10,2,8,0.000000
10,2,8,0.002000
10,2,8,0.000000
10,2,8,0.001000
10,2,8,0.000000
10,2,8,0.000000
10,2,8,0.000000
10,2,8,0.000000
10,2,8,0.000000
10,2,8,0.000000
10,2,8,0.000000
10,2,8,0.000000
10,2,8,0.000000
10,2,8,0.001000
10,2,12,0.000000
10,2,12,0.001000
10,2,12,0.000000
10,2,12,0.001000
10,2,12,0.000000
10,2,12,0.000000
10,2,12,0.000000
10,2,12,0.001000
10,2,12,0.000000
10,2,12,0.001000
10,2,12,0.000000
10,2,12,0.001000
10,2,12,0.000000
10,2,12,0.000000
10,2,12,0.000000
10,2,12,0.000000
10,2,12,0.001000
10,2,12,0.000000
10,2,12,0.000000
10,2,12,0.002000
10,2,12,0.000000
10,2,12,0.000000
10,2,12,0.000000
10,2,12,0.000000
10,2,12,0.000000
10,2,12,0.001000
10,2,12,0.000000
10,2,12,0.000000
10,2,12,0.000000
10,2,12,0.000000
10,2,16,0.000000
10,2,16,0.001000
10,2,16,0.000000
10,2,16,0.001000
10,2,16,0.000000
10,2,16,0.001000
10,2,16,0.000000
10,2,16,0.000000
10,2,16,0.000000
10,2,16,0.000000
10,2,16,0.000000
10,2,16,0.000000
10,2,16,0.000000
10,2,16,0.001000
10,2,16,0.000000
10,2,16,0.000000
10,2,16,0.000000
10,2,16,0.000000
10,2,16,0.001000
10,2,16,0.000000
10,2,16,0.002000
10,2,16,0.000000
10,2,16,0.000000
10,2,16,0.000000
10,2,16,0.001000
10,2,16,0.000000
10,2,16,0.000000
10,2,16,0.001000
10,2,16,0.001000
10,2,16,0.000000
10,2,20,0.000000
10,2,20,0.001000
10,2,20,0.002000
10,2,20,0.004000
10,2,20,0.001000
10,2,20,0.000000
10,2,20,0.000000
10,2,20,0.001000
10,2,20,0.007000
10,2,20,0.000000
10,2,20,0.000000
10,2,20,0.001000
10,2,20,0.001000
10,2,20,0.001000
10,2,20,0.000000
10,2,20,0.001000
10,2,20,0.000000
10,2,20,0.000000
10,2,20,0.001000
10,2,20,0.000000
10,2,20,0.001000
10,2,20,0.001000
10,2,20,0.000000
10,2,20,0.001000
10,2,20,0.001000
10,2,20,0.001000
10,2,20,0.000000
10,2,20,0.001000
10,2,20,0.001000
10,2,20,0.000000
10,2,24,0.001000
10,2,24,0.000000
10,2,24,0.002000
10,2,24,0.002000
10,2,24,0.004000
10,2,24,0.001000
10,2,24,0.000000
10,2,24,0.002000
10,2,24,0.002000
10,2,24,0.002000
10,2,24,0.000000
10,2,24,0.000000
10,2,24,0.002000
10,2,24,0.003000
10,2,24,0.000000
10,2,24,0.000000
10,2,24,0.003000
10,2,24,0.000000
10,2,24,0.001000
10,2,24,0.003000
10,2,24,0.002000
10,2,24,0.003000
10,2,24,0.005000
10,2,24,0.013000
10,2,24,0.005000
10,2,24,0.001000
10,2,24,0.000000
10,2,24,0.000000
10,2,24,0.000000
10,2,24,0.001000
10,2,28,0.004000
10,2,28,0.004000
10,2,28,0.007000
10,2,28,0.011000
10,2,28,0.006000
10,2,28,0.001000
10,2,28,0.006000
10,2,28,0.001000
10,2,28,0.003000
10,2,28,0.001000
10,2,28,0.007000
10,2,28,0.001000
10,2,28,0.000000
10,2,28,0.001000
10,2,28,0.008000
10,2,28,0.015000
10,2,28,0.002000
10,2,28,0.012000
10,2,28,0.003000
10,2,28,0.005000
10,2,28,0.015000
10,2,28,0.004000
10,2,28,0.001000
10,2,28,0.007000
10,2,28,0.010000
10,2,28,0.000000
10,2,28,0.007000
10,2,28,0.005000
10,2,28,0.003000
10,2,28,0.001000
10,2,32,0.039000
10,2,32,0.131000
10,2,32,0.026000
10,2,32,0.005000
10,2,32,0.012000
10,2,32,0.013000
10,2,32,0.002000
10,2,32,0.001000
10,2,32,0.012000
10,2,32,0.001000
10,2,32,0.017000
10,2,32,0.002000
10,2,32,0.018000
10,2,32,0.020000
10,2,32,0.009000
10,2,32,0.015000
10,2,32,0.025000
10,2,32,0.014000
10,2,32,0.028000
10,2,32,0.106000
10,2,32,0.051000
10,2,32,0.004000
10,2,32,0.070000
10,2,32,0.014000
10,2,32,0.010000
10,2,32,0.015000
10,2,32,0.018000
10,2,32,0.052000
10,2,32,0.017000
10,2,32,0.217000
10,2,36,0.559000
10,2,36,0.041000
10,2,36,0.017000
10,2,36,0.120000
10,2,36,0.003000
10,2,36,1.233000
10,2,36,0.155000
10,2,36,0.010000
10,2,36,0.335000
10,2,36,0.077000
10,2,36,0.086000
10,2,36,0.075000
10,2,36,0.022000
10,2,36,0.057000
10,2,36,0.213000
10,2,36,0.104000
10,2,36,0.045000
10,2,36,0.093000
10,2,36,0.337000
10,2,36,0.080000
10,2,36,0.034000
10,2,36,0.084000
10,2,36,0.006000
10,2,36,0.000000
10,2,36,0.225000
10,2,36,0.192000
10,2,36,0.062000
10,2,36,0.024000
10,2,36,0.011000
10,2,36,0.053000
10,2,40,0.023000
10,2,40,0.067000
10,2,40,0.316000
10,2,40,1.323000
10,2,40,0.210000
10,2,40,0.450000
10,2,40,1.019000
10,2,40,0.358000
10,2,40,1.029000
10,2,40,0.440000
10,2,40,0.529000
10,2,40,0.911000
10,2,40,1.615000
10,2,40,0.141000
10,2,40,0.697000
10,2,40,0.054000
10,2,40,0.373000
10,2,40,0.003000
10,2,40,1.850000
10,2,40,0.297000
10,2,40,0.096000
10,2,40,0.207000
10,2,40,1.015000
10,2,40,0.741000
10,2,40,1.078000
10,2,40,0.088000
10,2,40,0.134000
10,2,40,0.078000
10,2,40,0.106000
10,2,40,2.330000
10,2,44,0.761000
10,2,44,0.396000
10,2,44,2.747000
10,2,44,0.643000
10,2,44,0.449000
10,2,44,2.926000
10,2,44,4.132000
10,2,44,0.347000
10,2,44,0.754000
10,2,44,1.165000
10,2,44,214.969000
10,2,44,2.233000
10,2,44,0.067000
10,2,44,2.969000
10,2,44,3.700000
10,2,44,0.322000
10,2,44,8.264000
10,2,44,0.165000
10,2,44,1.351000
10,2,44,1.778000
10,2,44,1.262000
10,2,44,1.282000
10,2,44,1.931000
10,2,44,0.686000
10,2,44,3.962000
10,2,44,1.462000
10,2,44,0.207000
10,2,44,0.732000
10,2,44,3.777000
10,2,44,1.593000
10,2,48,17.114000
10,2,48,0.638000
10,2,48,9.555000
10,2,48,7.444000
10,2,48,4.026000
10,2,48,3.697000
10,2,48,20.139000
10,2,48,2.458000
10,2,48,20.781000
10,2,48,6.866000
10,2,48,20.621000
10,2,48,2.052000
10,2,48,13.723000
10,2,48,4.053000
10,2,48,4.470000
10,2,48,25.136000
10,2,48,13.208000
10,2,48,0.007000
10,2,48,0.139000
10,2,48,0.182000
10,2,48,2.255000
10,2,48,2.449000
10,2,48,12.456000
10,2,48,7.551000
10,2,48,7.873000
10,2,48,2.622000
10,2,48,4.476000
10,2,48,6.336000
10,2,48,7.733000
10,2,48,63.942000
10,2,52,36.993000
10,2,52,160.771000
10,2,52,15.891000
10,2,52,1.093000
10,2,52,47.969000
10,2,52,118.083000
10,2,52,32.646000
10,2,52,47.362000
10,2,52,66.476000
10,2,52,8.529000
10,2,52,288.565000
10,2,52,25.044000
10,2,52,4.522000
10,2,52,395.667000
10,2,52,13.625000
10,2,52,17.636000
10,2,52,13.049000
10,2,52,68.982000
10,2,52,1.969000
10,2,52,157.542000
10,2,52,2.834000
10,2,52,68.692000
10,2,52,2.328000
10,2,52,0.961000
10,2,52,3.456000
10,2,52,52.183000
10,2,52,1.380000
10,2,52,19.000000
10,2,52,3.922000
10,2,52,22.032000
100,2,4,0.000000
100,2,4,0.000000
100,2,4,0.000000
100,2,4,0.000000
100,2,4,0.000000
100,2,4,0.000000
100,2,4,0.000000
100,2,4,0.000000
100,2,4,0.000000
100,2,4,0.000000
100,2,4,0.000000
100,2,4,0.000000
100,2,4,0.000000
100,2,4,0.000000
100,2,4,0.000000
100,2,4,0.000000
100,2,4,0.000000
100,2,4,0.000000
100,2,4,0.000000
100,2,4,0.000000
100,2,4,0.000000
100,2,4,0.000000
100,2,4,0.000000
100,2,4,0.000000
100,2,4,0.001000
100,2,4,0.000000
100,2,4,0.000000
100,2,4,0.001000
100,2,4,0.000000
100,2,4,0.000000
100,2,8,0.000000
100,2,8,0.000000
100,2,8,0.000000
100,2,8,0.000000
100,2,8,0.000000
100,2,8,0.000000
100,2,8,0.001000
100,2,8,0.000000
100,2,8,0.001000
100,2,8,0.000000
100,2,8,0.001000
100,2,8,0.000000
100,2,8,0.000000
100,2,8,0.000000
100,2,8,0.000000
100,2,8,0.000000
100,2,8,0.000000
100,2,8,0.000000
100,2,8,0.000000
100,2,8,0.000000
100,2,8,0.000000
100,2,8,0.000000
100,2,8,0.000000
100,2,8,0.001000
100,2,8,0.000000
100,2,8,0.001000
100,2,8,0.000000
100,2,8,0.002000
100,2,8,0.000000
100,2,8,0.000000
100,2,12,0.001000
100,2,12,0.000000
100,2,12,0.001000
100,2,12,0.000000
100,2,12,0.001000
100,2,12,0.000000
100,2,12,0.001000
100,2,12,0.000000
100,2,12,0.001000
100,2,12,0.000000
100,2,12,0.000000
100,2,12,0.000000
100,2,12,0.000000
100,2,12,0.000000
100,2,12,0.000000
100,2,12,0.002000
100,2,12,0.000000
100,2,12,0.001000
100,2,12,0.000000
100,2,12,0.001000
100,2,12,0.000000
100,2,12,0.001000
100,2,12,0.000000
100,2,12,0.000000
100,2,12,0.000000
100,2,12,0.000000
100,2,12,0.000000
100,2,12,0.000000
100,2,12,0.001000
100,2,12,0.000000
100,2,16,0.001000
100,2,16,0.000000
100,2,16,0.000000
100,2,16,0.000000
100,2,16,0.000000
100,2,16,0.000000
100,2,16,0.000000
100,2,16,0.000000
100,2,16,0.000000
100,2,16,0.000000
100,2,16,0.000000
100,2,16,0.001000
100,2,16,0.000000
100,2,16,0.001000
100,2,16,0.000000
100,2,16,0.000000
100,2,16,0.001000
100,2,16,0.000000
100,2,16,0.001000
100,2,16,0.000000
100,2,16,0.001000
100,2,16,0.000000
100,2,16,0.000000
100,2,16,0.000000
100,2,16,0.000000
100,2,16,0.000000
100,2,16,0.001000
100,2,16,0.000000
100,2,16,0.000000
100,2,16,0.001000
100,2,20,0.000000
100,2,20,0.001000
100,2,20,0.001000
100,2,20,0.003000
100,2,20,0.001000
100,2,20,0.000000
100,2,20,0.000000
100,2,20,0.001000
100,2,20,0.006000
100,2,20,0.000000
100,2,20,0.001000
100,2,20,0.001000
100,2,20,0.000000
100,2,20,0.000000
100,2,20,0.000000
100,2,20,0.000000
100,2,20,0.000000
100,2,20,0.000000
100,2,20,0.000000
100,2,20,0.001000
100,2,20,0.000000
100,2,20,0.001000
100,2,20,0.000000
100,2,20,0.000000
100,2,20,0.001000
100,2,20,0.001000
100,2,20,0.000000
100,2,20,0.000000
100,2,20,0.000000
100,2,20,0.000000
100,2,24,0.002000
100,2,24,0.000000
100,2,24,0.002000
100,2,24,0.003000
100,2,24,0.002000
100,2,24,0.002000
100,2,24,0.000000
100,2,24,0.001000
100,2,24,0.003000
100,2,24,0.002000
100,2,24,0.000000
100,2,24,0.001000
100,2,24,0.002000
100,2,24,0.003000
100,2,24,0.001000
100,2,24,0.001000
100,2,24,0.003000
100,2,24,0.001000
100,2,24,0.001000
100,2,24,0.002000
100,2,24,0.001000
100,2,24,0.002000
100,2,24,0.004000
100,2,24,0.009000
100,2,24,0.004000
100,2,24,0.001000
100,2,24,0.001000
100,2,24,0.000000
100,2,24,0.000000
100,2,24,0.001000
100,2,28,0.003000
100,2,28,0.004000
100,2,28,0.006000
100,2,28,0.012000
100,2,28,0.005000
100,2,28,0.001000
100,2,28,0.005000
100,2,28,0.001000
100,2,28,0.002000
100,2,28,0.001000
100,2,28,0.004000
100,2,28,0.001000
100,2,28,0.000000
100,2,28,0.001000
100,2,28,0.005000
100,2,28,0.015000
100,2,28,0.001000
100,2,28,0.010000
100,2,28,0.002000
100,2,28,0.004000
100,2,28,0.012000
100,2,28,0.003000
100,2,28,0.001000
100,2,28,0.006000
100,2,28,0.009000
100,2,28,0.000000
100,2,28,0.005000
100,2,28,0.006000
100,2,28,0.003000
100,2,28,0.000000
100,2,32,0.041000
100,2,32,0.123000
100,2,32,0.021000
100,2,32,0.005000
100,2,32,0.010000
100,2,32,0.014000
100,2,32,0.002000
100,2,32,0.000000
100,2,32,0.010000
100,2,32,0.001000
100,2,32,0.019000
100,2,32,0.002000
100,2,32,0.013000
100,2,32,0.017000
100,2,32,0.008000
100,2,32,0.013000
100,2,32,0.025000
100,2,32,0.013000
100,2,32,0.031000
100,2,32,0.087000
100,2,32,0.046000
100,2,32,0.003000
100,2,32,0.076000
100,2,32,0.012000
100,2,32,0.010000
100,2,32,0.014000
100,2,32,0.014000
100,2,32,0.044000
100,2,32,0.014000
100,2,32,0.196000
100,2,36,0.581000
100,2,36,0.034000
100,2,36,0.014000
100,2,36,0.097000
100,2,36,0.002000
100,2,36,1.073000
100,2,36,0.131000
100,2,36,0.008000
100,2,36,0.302000
100,2,36,0.063000
100,2,36,0.079000
100,2,36,0.066000
100,2,36,0.021000
100,2,36,0.056000
100,2,36,0.193000
100,2,36,0.096000
100,2,36,0.039000
100,2,36,0.088000
100,2,36,0.297000
100,2,36,0.060000
100,2,36,0.033000
100,2,36,0.079000
100,2,36,0.009000
100,2,36,0.000000
100,2,36,0.206000
100,2,36,0.185000
100,2,36,0.053000
100,2,36,0.018000
100,2,36,0.011000
100,2,36,0.042000
100,2,40,0.021000
100,2,40,0.067000
100,2,40,0.279000
100,2,40,1.111000
100,2,40,0.224000
100,2,40,0.451000
100,2,40,0.921000
100,2,40,0.342000
100,2,40,0.958000
100,2,40,0.407000
100,2,40,0.496000
100,2,40,0.854000
100,2,40,1.329000
100,2,40,0.148000
100,2,40,0.693000
100,2,40,0.041000
100,2,40,0.375000
100,2,40,0.003000
100,2,40,1.503000
100,2,40,0.298000
100,2,40,0.101000
100,2,40,0.226000
100,2,40,1.053000
100,2,40,0.609000
100,2,40,0.974000
100,2,40,0.097000
100,2,40,0.149000
100,2,40,0.076000
100,2,40,0.102000
100,2,40,2.020000
100,2,44,0.723000
100,2,44,0.387000
100,2,44,2.336000
100,2,44,0.584000
100,2,44,0.462000
100,2,44,2.539000
100,2,44,3.818000
100,2,44,0.355000
100,2,44,0.801000
100,2,44,1.011000
100,2,44,200.918000
100,2,44,2.020000
100,2,44,0.074000
100,2,44,2.686000
100,2,44,3.527000
100,2,44,0.315000
100,2,44,8.106000
100,2,44,0.154000
100,2,44,1.341000
100,2,44,1.837000
100,2,44,1.202000
100,2,44,1.237000
100,2,44,2.082000
100,2,44,0.656000
100,2,44,3.679000
100,2,44,1.416000
100,2,44,0.247000
100,2,44,0.713000
100,2,44,4.050000
100,2,44,1.438000
100,2,48,16.864000
100,2,48,0.625000
100,2,48,9.641000
100,2,48,6.972000
100,2,48,3.701000
100,2,48,3.372000
100,2,48,19.845000
100,2,48,2.265000
100,2,48,19.900000
100,2,48,7.260000
100,2,48,19.019000
100,2,48,1.847000
100,2,48,12.449000
100,2,48,4.090000
100,2,48,4.645000
100,2,48,22.578000
100,2,48,13.087000
100,2,48,0.007000
100,2,48,0.125000
100,2,48,0.188000
100,2,48,2.070000
100,2,48,2.156000
100,2,48,12.426000
100,2,48,7.521000
100,2,48,7.746000
100,2,48,2.765000
100,2,48,4.879000
100,2,48,6.232000
100,2,48,8.141000
100,2,48,58.137000
100,2,52,39.166000
100,2,52,141.893000
100,2,52,17.269000
100,2,52,1.017000
100,2,52,49.109000
100,2,52,103.977000
100,2,52,32.905000
100,2,52,53.115000
100,2,52,64.834000
100,2,52,8.285000
100,2,52,254.889000
100,2,52,28.006000
100,2,52,4.604000
100,2,52,373.849000
100,2,52,13.611000
100,2,52,20.221000
100,2,52,13.350000
100,2,52,73.451000
100,2,52,2.599000
100,2,52,162.752000
100,2,52,2.916000
100,2,52,77.134000
100,2,52,2.156000
100,2,52,0.934000
100,2,52,3.741000
100,2,52,51.246000
100,2,52,1.269000
100,2,52,22.803000
100,2,52,3.790000
100,2,52,22.630000
1000,2,4,0.000000
1000,2,4,0.000000
1000,2,4,0.000000
1000,2,4,0.000000
1000,2,4,0.000000
1000,2,4,0.000000
1000,2,4,0.000000
1000,2,4,0.000000
1000,2,4,0.001000
1000,2,4,0.000000
1000,2,4,0.000000
1000,2,4,0.001000
1000,2,4,0.000000
1000,2,4,0.000000
1000,2,4,0.000000
1000,2,4,0.000000
1000,2,4,0.000000
1000,2,4,0.000000
1000,2,4,0.000000
1000,2,4,0.000000
1000,2,4,0.000000
1000,2,4,0.000000
1000,2,4,0.000000
1000,2,4,0.000000
1000,2,4,0.000000
1000,2,4,0.000000
1000,2,4,0.001000
1000,2,4,0.000000
1000,2,4,0.000000
1000,2,4,0.001000
1000,2,8,0.000000
1000,2,8,0.000000
1000,2,8,0.000000
1000,2,8,0.000000
1000,2,8,0.001000
1000,2,8,0.000000
1000,2,8,0.000000
1000,2,8,0.000000
1000,2,8,0.000000
1000,2,8,0.000000
1000,2,8,0.000000
1000,2,8,0.002000
1000,2,8,0.000000
1000,2,8,0.000000
1000,2,8,0.000000
1000,2,8,0.000000
1000,2,8,0.000000
1000,2,8,0.000000
1000,2,8,0.000000
1000,2,8,0.001000
1000,2,8,0.000000
1000,2,8,0.000000
1000,2,8,0.000000
1000,2,8,0.000000
1000,2,8,0.000000
1000,2,8,0.000000
1000,2,8,0.000000
1000,2,8,0.001000
1000,2,8,0.000000
1000,2,8,0.000000
1000,2,12,0.001000
1000,2,12,0.000000
1000,2,12,0.002000
1000,2,12,0.000000
1000,2,12,0.000000
1000,2,12,0.000000
1000,2,12,0.001000
1000,2,12,0.000000
1000,2,12,0.001000
1000,2,12,0.000000
1000,2,12,0.001000
1000,2,12,0.000000
1000,2,12,0.000000
1000,2,12,0.000000
1000,2,12,0.000000
1000,2,12,0.000000
1000,2,12,0.000000
1000,2,12,0.001000
1000,2,12,0.000000
1000,2,12,0.001000
1000,2,12,0.000000
1000,2,12,0.000000
1000,2,12,0.000000
1000,2,12,0.000000
1000,2,12,0.000000
1000,2,12,0.001000
1000,2,12,0.000000
1000,2,12,0.000000
1000,2,12,0.001000
1000,2,12,0.000000
1000,2,16,0.000000
1000,2,16,0.000000
1000,2,16,0.000000
1000,2,16,0.000000
1000,2,16,0.000000
1000,2,16,0.001000
1000,2,16,0.000000
1000,2,16,0.002000
1000,2,16,0.000000
1000,2,16,0.000000
1000,2,16,0.000000
1000,2,16,0.000000
1000,2,16,0.000000
1000,2,16,0.000000
1000,2,16,0.000000
1000,2,16,0.000000
1000,2,16,0.001000
1000,2,16,0.001000
1000,2,16,0.000000
1000,2,16,0.001000
1000,2,16,0.000000
1000,2,16,0.000000
1000,2,16,0.000000
1000,2,16,0.000000
1000,2,16,0.001000
1000,2,16,0.000000
1000,2,16,0.001000
1000,2,16,0.000000
1000,2,16,0.000000
1000,2,16,0.001000
1000,2,20,0.000000
1000,2,20,0.000000
1000,2,20,0.001000
1000,2,20,0.004000
1000,2,20,0.000000
1000,2,20,0.000000
1000,2,20,0.001000
1000,2,20,0.000000
1000,2,20,0.009000
1000,2,20,0.001000
1000,2,20,0.000000
1000,2,20,0.000000
1000,2,20,0.000000
1000,2,20,0.001000
1000,2,20,0.001000
1000,2,20,0.000000
1000,2,20,0.000000
1000,2,20,0.000000
1000,2,20,0.000000
1000,2,20,0.000000
1000,2,20,0.001000
1000,2,20,0.000000
1000,2,20,0.000000
1000,2,20,0.001000
1000,2,20,0.000000
1000,2,20,0.001000
1000,2,20,0.001000
1000,2,20,0.000000
1000,2,20,0.001000
1000,2,20,0.000000
1000,2,24,0.001000
1000,2,24,0.000000
1000,2,24,0.002000
1000,2,24,0.002000
1000,2,24,0.002000
1000,2,24,0.001000
1000,2,24,0.000000
1000,2,24,0.002000
1000,2,24,0.002000
1000,2,24,0.002000
1000,2,24,0.001000
1000,2,24,0.001000
1000,2,24,0.001000
1000,2,24,0.001000
1000,2,24,0.000000
1000,2,24,0.001000
1000,2,24,0.006000
1000,2,24,0.000000
1000,2,24,0.001000
1000,2,24,0.003000
1000,2,24,0.001000
1000,2,24,0.002000
1000,2,24,0.004000
1000,2,24,0.013000
1000,2,24,0.005000
1000,2,24,0.001000
1000,2,24,0.000000
1000,2,24,0.000000
1000,2,24,0.002000
1000,2,24,0.001000
1000,2,28,0.006000
1000,2,28,0.003000
1000,2,28,0.007000
1000,2,28,0.010000
1000,2,28,0.005000
1000,2,28,0.001000
1000,2,28,0.007000
1000,2,28,0.001000
1000,2,28,0.005000
1000,2,28,0.001000
1000,2,28,0.005000
1000,2,28,0.000000
1000,2,28,0.000000
1000,2,28,0.001000
1000,2,28,0.010000
1000,2,28,0.017000
1000,2,28,0.001000
1000,2,28,0.010000
1000,2,28,0.004000
1000,2,28,0.003000
1000,2,28,0.018000
1000,2,28,0.004000
1000,2,28,0.001000
1000,2,28,0.007000
1000,2,28,0.011000
1000,2,28,0.000000
1000,2,28,0.007000
1000,2,28,0.005000
1000,2,28,0.003000
1000,2,28,0.000000
1000,2,32,0.031000
1000,2,32,0.102000
1000,2,32,0.023000
1000,2,32,0.004000
1000,2,32,0.009000
1000,2,32,0.011000
1000,2,32,0.003000
1000,2,32,0.001000
1000,2,32,0.014000
1000,2,32,0.002000
1000,2,32,0.017000
1000,2,32,0.001000
1000,2,32,0.017000
1000,2,32,0.022000
1000,2,32,0.010000
1000,2,32,0.014000
1000,2,32,0.030000
1000,2,32,0.015000
1000,2,32,0.027000
1000,2,32,0.089000
1000,2,32,0.051000
1000,2,32,0.003000
1000,2,32,0.073000
1000,2,32,0.017000
1000,2,32,0.008000
1000,2,32,0.015000
1000,2,32,0.018000
1000,2,32,0.042000
1000,2,32,0.021000
1000,2,32,0.224000
1000,2,36,0.501000
1000,2,36,0.043000
1000,2,36,0.017000
1000,2,36,0.088000
1000,2,36,0.005000
1000,2,36,1.001000
1000,2,36,0.166000
1000,2,36,0.010000
1000,2,36,0.391000
1000,2,36,0.078000
1000,2,36,0.085000
1000,2,36,0.074000
1000,2,36,0.024000
1000,2,36,0.061000
1000,2,36,0.185000
1000,2,36,0.106000
1000,2,36,0.055000
1000,2,36,0.092000
1000,2,36,0.317000
1000,2,36,0.063000
1000,2,36,0.030000
1000,2,36,0.077000
1000,2,36,0.008000
1000,2,36,0.001000
1000,2,36,0.189000
1000,2,36,0.162000
1000,2,36,0.057000
1000,2,36,0.029000
1000,2,36,0.013000
1000,2,36,0.064000
1000,2,40,0.027000
1000,2,40,0.066000
1000,2,40,0.306000
1000,2,40,1.432000
1000,2,40,0.178000
1000,2,40,0.405000
1000,2,40,0.888000
1000,2,40,0.317000
1000,2,40,1.000000
1000,2,40,0.376000
1000,2,40,0.467000
1000,2,40,0.970000
1000,2,40,1.321000
1000,2,40,0.144000
1000,2,40,0.708000
1000,2,40,0.048000
1000,2,40,0.327000
1000,2,40,0.002000
1000,2,40,1.624000
1000,2,40,0.297000
1000,2,40,0.079000
1000,2,40,0.178000
1000,2,40,1.003000
1000,2,40,0.596000
1000,2,40,0.957000
1000,2,40,0.080000
1000,2,40,0.125000
1000,2,40,0.091000
1000,2,40,0.093000
1000,2,40,2.178000
1000,2,44,0.637000
1000,2,44,0.319000
1000,2,44,2.642000
1000,2,44,0.529000
1000,2,44,0.422000
1000,2,44,2.728000
1000,2,44,4.142000
1000,2,44,0.275000
1000,2,44,0.666000
1000,2,44,0.999000
1000,2,44,202.764000
1000,2,44,2.075000
1000,2,44,0.078000
1000,2,44,3.609000
1000,2,44,3.898000
1000,2,44,0.277000
1000,2,44,7.346000
1000,2,44,0.157000
1000,2,44,1.307000
1000,2,44,1.691000
1000,2,44,1.303000
1000,2,44,1.233000
1000,2,44,1.803000
1000,2,44,0.584000
1000,2,44,3.651000
1000,2,44,1.448000
1000,2,44,0.195000
1000,2,44,0.681000
1000,2,44,3.443000
1000,2,44,1.492000
1000,2,48,15.555000
1000,2,48,0.738000
1000,2,48,8.721000
1000,2,48,6.869000
1000,2,48,3.799000
1000,2,48,3.347000
1000,2,48,19.347000
1000,2,48,2.246000
1000,2,48,18.665000
1000,2,48,6.305000
1000,2,48,17.965000
1000,2,48,1.799000
1000,2,48,11.864000
1000,2,48,4.209000
1000,2,48,3.885000
1000,2,48,22.966000
1000,2,48,12.113000
1000,2,48,0.009000
1000,2,48,0.124000
1000,2,48,0.180000
1000,2,48,1.991000
1000,2,48,2.737000
1000,2,48,11.429000
1000,2,48,6.994000
1000,2,48,7.090000
1000,2,48,2.351000
1000,2,48,4.159000
1000,2,48,5.868000
1000,2,48,7.285000
1000,2,48,57.694000
1000,2,52,39.414000
1000,2,52,151.363000
1000,2,52,14.789000
1000,2,52,1.015000
1000,2,52,51.194000
1000,2,52,112.412000
1000,2,52,33.146000
1000,2,52,48.884000
1000,2,52,67.900000
1000,2,52,7.340000
1000,2,52,255.064000
1000,2,52,25.191000
1000,2,52,3.952000
1000,2,52,387.144000
1000,2,52,13.467000
1000,2,52,17.117000
1000,2,52,12.877000
1000,2,52,76.331000
1000,2,52,2.112000
1000,2,52,160.075000
1000,2,52,2.646000
1000,2,52,73.191000
1000,2,52,2.096000
1000,2,52,1.001000
1000,2,52,3.413000
1000,2,52,58.671000
1000,2,52,1.290000
1000,2,52,19.468000
1000,2,52,4.153000
1000,2,52,23.490000
10,4,4,0.000000
10,4,4,0.001000
10,4,4,0.000000
10,4,4,0.001000
10,4,4,0.000000
10,4,4,0.001000
10,4,4,0.000000
10,4,4,0.001000
10,4,4,0.000000
10,4,4,0.001000
10,4,4,0.000000
10,4,4,0.000000
10,4,4,0.000000
10,4,4,0.000000
10,4,4,0.001000
10,4,4,0.000000
10,4,4,0.000000
10,4,4,0.000000
10,4,4,0.001000
10,4,4,0.000000
10,4,4,0.000000
10,4,4,0.000000
10,4,4,0.000000
10,4,4,0.001000
10,4,4,0.000000
10,4,4,0.000000
10,4,4,0.000000
10,4,4,0.000000
10,4,4,0.001000
10,4,4,0.000000
10,4,8,0.001000
10,4,8,0.000000
10,4,8,0.000000
10,4,8,0.000000
10,4,8,0.000000
10,4,8,0.000000
10,4,8,0.002000
10,4,8,0.000000
10,4,8,0.000000
10,4,8,0.001000
10,4,8,0.000000
10,4,8,0.001000
10,4,8,0.000000
10,4,8,0.001000
10,4,8,0.000000
10,4,8,0.001000
10,4,8,0.000000
10,4,8,0.001000
10,4,8,0.000000
10,4,8,0.001000
10,4,8,0.000000
10,4,8,0.000000
10,4,8,0.000000
10,4,8,0.000000
10,4,8,0.000000
10,4,8,0.000000
10,4,8,0.000000
10,4,8,0.000000
10,4,8,0.000000
10,4,8,0.001000
10,4,12,0.000000
10,4,12,0.000000
10,4,12,0.000000
10,4,12,0.000000
10,4,12,0.001000
10,4,12,0.000000
10,4,12,0.001000
10,4,12,0.000000
10,4,12,0.001000
10,4,12,0.000000
10,4,12,0.001000
10,4,12,0.000000
10,4,12,0.001000
10,4,12,0.000000
10,4,12,0.001000
10,4,12,0.000000
10,4,12,0.001000
10,4,12,0.000000
10,4,12,0.000000
10,4,12,0.001000
10,4,12,0.000000
10,4,12,0.000000
10,4,12,0.001000
10,4,12,0.000000
10,4,12,0.001000
10,4,12,0.000000
10,4,12,0.001000
10,4,12,0.000000
10,4,12,0.001000
10,4,12,0.000000
10,4,16,0.001000
10,4,16,0.000000
10,4,16,0.000000
10,4,16,0.001000
10,4,16,0.000000
10,4,16,0.001000
10,4,16,0.000000
10,4,16,0.000000
10,4,16,0.001000
10,4,16,0.000000
10,4,16,0.001000
10,4,16,0.000000
10,4,16,0.000000
10,4,16,0.001000
10,4,16,0.000000
10,4,16,0.001000
10,4,16,0.001000
10,4,16,0.000000
10,4,16,0.000000
10,4,16,0.001000
10,4,16,0.000000
10,4,16,0.000000
10,4,16,0.001000
10,4,16,0.000000
10,4,16,0.000000
10,4,16,0.000000
10,4,16,0.001000
10,4,16,0.001000
10,4,16,0.000000
10,4,16,0.000000
10,4,20,0.000000
10,4,20,0.000000
10,4,20,0.000000
10,4,20,0.003000
10,4,20,0.000000
10,4,20,0.002000
10,4,20,0.001000
10,4,20,0.000000
10,4,20,0.006000
10,4,20,0.001000
10,4,20,0.001000
10,4,20,0.001000
10,4,20,0.001000
10,4,20,0.001000
10,4,20,0.000000
10,4,20,0.000000
10,4,20,0.000000
10,4,20,0.002000
10,4,20,0.001000
10,4,20,0.001000
10,4,20,0.000000
10,4,20,0.000000
10,4,20,0.001000
10,4,20,0.000000
10,4,20,0.000000
10,4,20,0.001000
10,4,20,0.001000
10,4,20,0.001000
10,4,20,0.002000
10,4,20,0.000000
10,4,24,0.000000
10,4,24,0.001000
10,4,24,0.002000
10,4,24,0.001000
10,4,24,0.002000
10,4,24,0.001000
10,4,24,0.001000
10,4,24,0.001000
10,4,24,0.002000
10,4,24,0.002000
10,4,24,0.001000
10,4,24,0.001000
10,4,24,0.001000
10,4,24,0.001000
10,4,24,0.001000
10,4,24,0.001000
10,4,24,0.003000
10,4,24,0.000000
10,4,24,0.001000
10,4,24,0.002000
10,4,24,0.001000
10,4,24,0.002000
10,4,24,0.003000
10,4,24,0.009000
10,4,24,0.003000
10,4,24,0.001000
10,4,24,0.001000
10,4,24,0.000000
10,4,24,0.000000
10,4,24,0.000000
10,4,28,0.003000
10,4,28,0.003000
10,4,28,0.005000
10,4,28,0.008000
10,4,28,0.004000
10,4,28,0.001000
10,4,28,0.004000
10,4,28,0.001000
10,4,28,0.003000
10,4,28,0.001000
10,4,28,0.004000
10,4,28,0.001000
10,4,28,0.001000
10,4,28,0.002000
10,4,28,0.004000
10,4,28,0.011000
10,4,28,0.001000
10,4,28,0.007000
10,4,28,0.003000
10,4,28,0.003000
10,4,28,0.010000
10,4,28,0.002000
10,4,28,0.001000
10,4,28,0.004000
10,4,28,0.007000
10,4,28,0.000000
10,4,28,0.003000
10,4,28,0.003000
10,4,28,0.003000
10,4,28,0.001000
10,4,32,0.027000
10,4,32,0.081000
10,4,32,0.018000
10,4,32,0.004000
10,4,32,0.008000
10,4,32,0.009000
10,4,32,0.001000
10,4,32,0.001000
10,4,32,0.008000
10,4,32,0.001000
10,4,32,0.011000
10,4,32,0.001000
10,4,32,0.010000
10,4,32,0.011000
10,4,32,0.005000
10,4,32,0.008000
10,4,32,0.015000
10,4,32,0.008000
10,4,32,0.018000
10,4,32,0.065000
10,4,32,0.030000
10,4,32,0.002000
10,4,32,0.043000
10,4,32,0.008000
10,4,32,0.006000
10,4,32,0.009000
10,4,32,0.009000
10,4,32,0.033000
10,4,32,0.011000
10,4,32,0.130000
10,4,36,0.357000
10,4,36,0.025000
10,4,36,0.011000
10,4,36,0.067000
10,4,36,0.002000
10,4,36,0.760000
10,4,36,0.098000
10,4,36,0.007000
10,4,36,0.209000
10,4,36,0.043000
10,4,36,0.050000
10,4,36,0.049000
10,4,36,0.013000
10,4,36,0.034000
10,4,36,0.125000
10,4,36,0.066000
10,4,36,0.028000
10,4,36,0.057000
10,4,36,0.198000
10,4,36,0.045000
10,4,36,0.019000
10,4,36,0.051000
10,4,36,0.005000
10,4,36,0.001000
10,4,36,0.150000
10,4,36,0.116000
10,4,36,0.037000
10,4,36,0.014000
10,4,36,0.007000
10,4,36,0.033000
10,4,40,0.014000
10,4,40,0.042000
10,4,40,0.189000
10,4,40,0.793000
10,4,40,0.119000
10,4,40,0.296000
10,4,40,0.623000
10,4,40,0.221000
10,4,40,0.653000
10,4,40,0.284000
10,4,40,0.323000
10,4,40,0.574000
10,4,40,0.949000
10,4,40,0.084000
10,4,40,0.448000
10,4,40,0.031000
10,4,40,0.245000
10,4,40,0.002000
10,4,40,1.086000
10,4,40,0.201000
10,4,40,0.060000
10,4,40,0.126000
10,4,40,0.630000
10,4,40,0.440000
10,4,40,0.655000
10,4,40,0.056000
10,4,40,0.080000
10,4,40,0.049000
10,4,40,0.066000
10,4,40,1.393000
10,4,44,0.468000
10,4,44,0.249000
10,4,44,1.728000
10,4,44,0.391000
10,4,44,0.286000
10,4,44,1.881000
10,4,44,2.549000
10,4,44,0.219000
10,4,44,0.474000
10,4,44,0.745000
10,4,44,132.090000
10,4,44,1.560000
10,4,44,0.042000
10,4,44,2.244000
10,4,44,2.691000
10,4,44,0.211000
10,4,44,5.540000
10,4,44,0.100000
10,4,44,0.968000
10,4,44,1.283000
10,4,44,0.834000
10,4,44,0.874000
10,4,44,1.329000
10,4,44,0.436000
10,4,44,2.612000
10,4,44,1.019000
10,4,44,0.135000
10,4,44,0.471000
10,4,44,2.564000
10,4,44,1.089000
10,4,48,10.766000
10,4,48,0.421000
10,4,48,6.161000
10,4,48,4.953000
10,4,48,2.775000
10,4,48,2.570000
10,4,48,12.934000
10,4,48,1.811000
10,4,48,12.980000
10,4,48,4.529000
10,4,48,12.901000
10,4,48,1.487000
10,4,48,8.604000
10,4,48,2.721000
10,4,48,2.989000
10,4,48,16.423000
10,4,48,8.952000
10,4,48,0.004000
10,4,48,0.081000
10,4,48,0.112000
10,4,48,1.655000
10,4,48,1.749000
10,4,48,8.821000
10,4,48,5.584000
10,4,48,6.170000
10,4,48,2.088000
10,4,48,3.415000
10,4,48,4.698000
10,4,48,5.878000
10,4,48,42.703000
10,4,52,25.898000
10,4,52,101.643000
10,4,52,11.461000
10,4,52,0.839000
10,4,52,33.683000
10,4,52,75.015000
10,4,52,22.373000
10,4,52,32.255000
10,4,52,43.772000
10,4,52,6.442000
10,4,52,173.709000
10,4,52,17.573000
10,4,52,3.210000
10,4,52,259.921000
10,4,52,10.733000
10,4,52,13.154000
10,4,52,10.701000
10,4,52,47.632000
10,4,52,1.842000
10,4,52,107.328000
10,4,52,2.399000
10,4,52,48.451000
10,4,52,2.083000
10,4,52,0.807000
10,4,52,2.756000
10,4,52,37.669000
10,4,52,1.090000
10,4,52,15.312000
10,4,52,2.904000
10,4,52,19.037000
100,4,4,0.000000
100,4,4,0.000000
100,4,4,0.000000
100,4,4,0.001000
100,4,4,0.000000
100,4,4,0.001000
100,4,4,0.000000
100,4,4,0.001000
100,4,4,0.000000
100,4,4,0.001000
100,4,4,0.000000
100,4,4,0.001000
100,4,4,0.000000
100,4,4,0.001000
100,4,4,0.000000
100,4,4,0.000000
100,4,4,0.001000
100,4,4,0.000000
100,4,4,0.001000
100,4,4,0.000000
100,4,4,0.000000
100,4,4,0.000000
100,4,4,0.001000
100,4,4,0.000000
100,4,4,0.001000
100,4,4,0.000000
100,4,4,0.001000
100,4,4,0.000000
100,4,4,0.001000
100,4,4,0.000000
100,4,8,0.001000
100,4,8,0.000000
100,4,8,0.001000
100,4,8,0.000000
100,4,8,0.001000
100,4,8,0.000000
100,4,8,0.000000
100,4,8,0.001000
100,4,8,0.000000
100,4,8,0.000000
100,4,8,0.001000
100,4,8,0.001000
100,4,8,0.000000
100,4,8,0.001000
100,4,8,0.000000
100,4,8,0.000000
100,4,8,0.000000
100,4,8,0.000000
100,4,8,0.000000
100,4,8,0.000000
100,4,8,0.001000
100,4,8,0.001000
100,4,8,0.000000
100,4,8,0.001000
100,4,8,0.000000
100,4,8,0.000000
100,4,8,0.001000
100,4,8,0.000000
100,4,8,0.002000
100,4,8,0.001000
100,4,12,0.000000
100,4,12,0.000000
100,4,12,0.001000
100,4,12,0.001000
100,4,12,0.000000
100,4,12,0.001000
100,4,12,0.000000
100,4,12,0.000000
100,4,12,0.001000
100,4,12,0.000000
100,4,12,0.000000
100,4,12,0.002000
100,4,12,0.001000
100,4,12,0.000000
100,4,12,0.000000
100,4,12,0.001000
100,4,12,0.000000
100,4,12,0.000000
100,4,12,0.001000
100,4,12,0.000000
100,4,12,0.000000
100,4,12,0.000000
100,4,12,0.000000
100,4,12,0.000000
100,4,12,0.002000
100,4,12,0.001000
100,4,12,0.000000
100,4,12,0.000000
100,4,12,0.001000
100,4,12,0.000000
100,4,16,0.000000
100,4,16,0.001000
100,4,16,0.001000
100,4,16,0.000000
100,4,16,0.000000
100,4,16,0.001000
100,4,16,0.000000
100,4,16,0.001000
100,4,16,0.000000
100,4,16,0.001000
100,4,16,0.000000
100,4,16,0.000000
100,4,16,0.001000
100,4,16,0.001000
100,4,16,0.000000
100,4,16,0.000000
100,4,16,0.001000
100,4,16,0.001000
100,4,16,0.000000
100,4,16,0.001000
100,4,16,0.000000
100,4,16,0.000000
100,4,16,0.001000
100,4,16,0.000000
100,4,16,0.000000
100,4,16,0.000000
100,4,16,0.000000
100,4,16,0.000000
100,4,16,0.001000
100,4,16,0.002000
100,4,20,0.001000
100,4,20,0.000000
100,4,20,0.001000
100,4,20,0.002000
100,4,20,0.000000
100,4,20,0.000000
100,4,20,0.000000
100,4,20,0.001000
100,4,20,0.004000
100,4,20,0.000000
100,4,20,0.000000
100,4,20,0.001000
100,4,20,0.000000
100,4,20,0.000000
100,4,20,0.000000
100,4,20,0.000000
100,4,20,0.000000
100,4,20,0.000000
100,4,20,0.000000
100,4,20,0.000000
100,4,20,0.000000
100,4,20,0.001000
100,4,20,0.000000
100,4,20,0.000000
100,4,20,0.000000
100,4,20,0.001000
100,4,20,0.000000
100,4,20,0.000000
100,4,20,0.001000
100,4,20,0.000000
100,4,24,0.001000
100,4,24,0.000000
100,4,24,0.001000
100,4,24,0.001000
100,4,24,0.001000
100,4,24,0.001000
100,4,24,0.001000
100,4,24,0.001000
100,4,24,0.002000
100,4,24,0.002000
100,4,24,0.001000
100,4,24,0.002000
100,4,24,0.002000
100,4,24,0.001000
100,4,24,0.000000
100,4,24,0.001000
100,4,24,0.002000
100,4,24,0.002000
100,4,24,0.001000
100,4,24,0.002000
100,4,24,0.001000
100,4,24,0.002000
100,4,24,0.003000
100,4,24,0.007000
100,4,24,0.003000
100,4,24,0.001000
100,4,24,0.001000
100,4,24,0.000000
100,4,24,0.000000
100,4,24,0.001000
100,4,28,0.003000
100,4,28,0.003000
100,4,28,0.005000
100,4,28,0.007000
100,4,28,0.004000
100,4,28,0.000000
100,4,28,0.005000
100,4,28,0.001000
100,4,28,0.003000
100,4,28,0.001000
100,4,28,0.004000
100,4,28,0.001000
100,4,28,0.000000
100,4,28,0.002000
100,4,28,0.005000
100,4,28,0.011000
100,4,28,0.000000
100,4,28,0.008000
100,4,28,0.002000
100,4,28,0.003000
100,4,28,0.011000
100,4,28,0.003000
100,4,28,0.001000
100,4,28,0.006000
100,4,28,0.006000
100,4,28,0.000000
100,4,28,0.005000
100,4,28,0.003000
100,4,28,0.003000
100,4,28,0.002000
100,4,32,0.025000
100,4,32,0.083000
100,4,32,0.015000
100,4,32,0.004000
100,4,32,0.008000
100,4,32,0.009000
100,4,32,0.002000
100,4,32,0.001000
100,4,32,0.008000
100,4,32,0.002000
100,4,32,0.011000
100,4,32,0.002000
100,4,32,0.010000
100,4,32,0.012000
100,4,32,0.005000
100,4,32,0.009000
100,4,32,0.016000
100,4,32,0.009000
100,4,32,0.018000
100,4,32,0.067000
100,4,32,0.029000
100,4,32,0.002000
100,4,32,0.046000
100,4,32,0.008000
100,4,32,0.006000
100,4,32,0.009000
100,4,32,0.009000
100,4,32,0.034000
100,4,32,0.011000
100,4,32,0.145000
100,4,36,0.349000
100,4,36,0.026000
100,4,36,0.010000
100,4,36,0.073000
100,4,36,0.002000
100,4,36,0.897000
100,4,36,0.106000
100,4,36,0.006000
100,4,36,0.223000
100,4,36,0.054000
100,4,36,0.056000
100,4,36,0.051000
100,4,36,0.013000
100,4,36,0.035000
100,4,36,0.125000
100,4,36,0.067000
100,4,36,0.029000
100,4,36,0.066000
100,4,36,0.204000
100,4,36,0.053000
100,4,36,0.019000
100,4,36,0.059000
100,4,36,0.006000
100,4,36,0.000000
100,4,36,0.138000
100,4,36,0.120000
100,4,36,0.042000
100,4,36,0.014000
100,4,36,0.007000
100,4,36,0.037000
100,4,40,0.014000
100,4,40,0.061000
100,4,40,0.194000
100,4,40,0.907000
100,4,40,0.127000
100,4,40,0.274000
100,4,40,0.703000
100,4,40,0.213000
100,4,40,0.657000
100,4,40,0.273000
100,4,40,0.329000
100,4,40,0.680000
100,4,40,1.044000
100,4,40,0.093000
100,4,40,0.516000
100,4,40,0.035000
100,4,40,0.240000
100,4,40,0.002000
100,4,40,1.186000
100,4,40,0.180000
100,4,40,0.060000
100,4,40,0.121000
100,4,40,0.725000
100,4,40,0.518000
100,4,40,0.750000
100,4,40,0.058000
100,4,40,0.082000
100,4,40,0.051000
100,4,40,0.069000
100,4,40,1.569000
100,4,44,0.539000
100,4,44,0.258000
100,4,44,1.822000
100,4,44,0.455000
100,4,44,0.307000
100,4,44,1.945000
100,4,44,2.627000
100,4,44,0.215000
100,4,44,0.546000
100,4,44,0.808000
100,4,44,132.265000
100,4,44,1.578000
100,4,44,0.044000
100,4,44,2.028000
100,4,44,2.511000
100,4,44,0.203000
100,4,44,6.048000
100,4,44,0.100000
100,4,44,0.922000
100,4,44,1.194000
100,4,44,0.828000
100,4,44,0.867000
100,4,44,1.246000
100,4,44,0.435000
100,4,44,2.468000
100,4,44,0.987000
100,4,44,0.130000
100,4,44,0.481000
100,4,44,2.410000
100,4,44,1.049000
100,4,48,12.667000
100,4,48,0.434000
100,4,48,6.254000
100,4,48,4.914000
100,4,48,2.524000
100,4,48,2.322000
100,4,48,15.009000
100,4,48,1.595000
100,4,48,13.485000
100,4,48,4.238000
100,4,48,12.931000
100,4,48,1.305000
100,4,48,8.010000
100,4,48,2.465000
100,4,48,2.712000
100,4,48,15.889000
100,4,48,8.175000
100,4,48,0.005000
100,4,48,0.082000
100,4,48,0.109000
100,4,48,1.431000
100,4,48,1.531000
100,4,48,7.456000
100,4,48,4.640000
100,4,48,4.782000
100,4,48,1.654000
100,4,48,2.791000
100,4,48,3.930000
100,4,48,4.736000
100,4,48,38.612000
100,4,52,22.435000
100,4,52,100.291000
100,4,52,9.659000
100,4,52,0.752000
100,4,52,30.556000
100,4,52,75.204000
100,4,52,20.346000
100,4,52,29.728000
100,4,52,46.043000
100,4,52,5.174000
100,4,52,173.217000
100,4,52,16.188000
100,4,52,2.752000
100,4,52,267.985000
100,4,52,9.336000
100,4,52,12.032000
100,4,52,9.582000
100,4,52,48.099000
100,4,52,1.470000
100,4,52,107.927000
100,4,52,1.946000
100,4,52,48.735000
100,4,52,1.517000
100,4,52,0.695000
100,4,52,2.291000
100,4,52,36.766000
100,4,52,0.942000
100,4,52,13.473000
100,4,52,2.480000
100,4,52,15.512000
1000,4,4,0.000000
1000,4,4,0.001000
1000,4,4,0.000000
1000,4,4,0.001000
1000,4,4,0.000000
1000,4,4,0.001000
1000,4,4,0.000000
1000,4,4,0.001000
1000,4,4,0.000000
1000,4,4,0.001000
1000,4,4,0.000000
1000,4,4,0.001000
1000,4,4,0.000000
1000,4,4,0.002000
1000,4,4,0.001000
1000,4,4,0.000000
1000,4,4,0.001000
1000,4,4,0.000000
1000,4,4,0.001000
1000,4,4,0.000000
1000,4,4,0.000000
1000,4,4,0.000000
1000,4,4,0.000000
1000,4,4,0.000000
1000,4,4,0.001000
1000,4,4,0.000000
1000,4,4,0.001000
1000,4,4,0.000000
1000,4,4,0.001000
1000,4,4,0.000000
1000,4,8,0.002000
1000,4,8,0.000000
1000,4,8,0.000000
1000,4,8,0.000000
1000,4,8,0.001000
1000,4,8,0.000000
1000,4,8,0.001000
1000,4,8,0.000000
1000,4,8,0.000000
1000,4,8,0.000000
1000,4,8,0.000000
1000,4,8,0.001000
1000,4,8,0.000000
1000,4,8,0.001000
1000,4,8,0.000000
1000,4,8,0.002000
1000,4,8,0.001000
1000,4,8,0.000000
1000,4,8,0.000000
1000,4,8,0.001000
1000,4,8,0.000000
1000,4,8,0.000000
1000,4,8,0.000000
1000,4,8,0.000000
1000,4,8,0.000000
1000,4,8,0.000000
1000,4,8,0.001000
1000,4,8,0.000000
1000,4,8,0.000000
1000,4,8,0.002000
1000,4,12,0.001000
1000,4,12,0.000000
1000,4,12,0.000000
1000,4,12,0.000000
1000,4,12,0.001000
1000,4,12,0.000000
1000,4,12,0.000000
1000,4,12,0.001000
1000,4,12,0.001000
1000,4,12,0.000000
1000,4,12,0.000000
1000,4,12,0.002000
1000,4,12,0.000000
1000,4,12,0.000000
1000,4,12,0.000000
1000,4,12,0.001000
1000,4,12,0.000000
1000,4,12,0.001000
1000,4,12,0.001000
1000,4,12,0.000000
1000,4,12,0.001000
1000,4,12,0.000000
1000,4,12,0.000000
1000,4,12,0.001000
1000,4,12,0.000000
1000,4,12,0.002000
1000,4,12,0.001000
1000,4,12,0.000000
1000,4,12,0.001000
1000,4,12,0.000000
1000,4,16,0.000000
1000,4,16,0.000000
1000,4,16,0.001000
1000,4,16,0.000000
1000,4,16,0.000000
1000,4,16,0.000000
1000,4,16,0.000000
1000,4,16,0.000000
1000,4,16,0.001000
1000,4,16,0.000000
1000,4,16,0.000000
1000,4,16,0.000000
1000,4,16,0.000000
1000,4,16,0.001000
1000,4,16,0.000000
1000,4,16,0.000000
1000,4,16,0.001000
1000,4,16,0.000000
1000,4,16,0.001000
1000,4,16,0.002000
1000,4,16,0.000000
1000,4,16,0.001000
1000,4,16,0.000000
1000,4,16,0.000000
1000,4,16,0.001000
1000,4,16,0.000000
1000,4,16,0.000000
1000,4,16,0.001000
1000,4,16,0.001000
1000,4,16,0.002000
1000,4,20,0.001000
1000,4,20,0.000000
1000,4,20,0.000000
1000,4,20,0.002000
1000,4,20,0.001000
1000,4,20,0.001000
1000,4,20,0.000000
1000,4,20,0.001000
1000,4,20,0.004000
1000,4,20,0.000000
1000,4,20,0.000000
1000,4,20,0.001000
1000,4,20,0.001000
1000,4,20,0.000000
1000,4,20,0.001000
1000,4,20,0.001000
1000,4,20,0.001000
1000,4,20,0.000000
1000,4,20,0.000000
1000,4,20,0.001000
1000,4,20,0.002000
1000,4,20,0.000000
1000,4,20,0.000000
1000,4,20,0.001000
1000,4,20,0.001000
1000,4,20,0.001000
1000,4,20,0.000000
1000,4,20,0.000000
1000,4,20,0.000000
1000,4,20,0.000000
1000,4,24,0.002000
1000,4,24,0.000000
1000,4,24,0.001000
1000,4,24,0.001000
1000,4,24,0.002000
1000,4,24,0.002000
1000,4,24,0.001000
1000,4,24,0.001000
1000,4,24,0.002000
1000,4,24,0.002000
1000,4,24,0.001000
1000,4,24,0.001000
1000,4,24,0.002000
1000,4,24,0.001000
1000,4,24,0.001000
1000,4,24,0.001000
1000,4,24,0.003000
1000,4,24,0.001000
1000,4,24,0.002000
1000,4,24,0.001000
1000,4,24,0.001000
1000,4,24,0.002000
1000,4,24,0.004000
1000,4,24,0.009000
1000,4,24,0.003000
1000,4,24,0.000000
1000,4,24,0.000000
1000,4,24,0.000000
1000,4,24,0.000000
1000,4,24,0.000000
1000,4,28,0.003000
1000,4,28,0.003000
1000,4,28,0.004000
1000,4,28,0.008000
1000,4,28,0.004000
1000,4,28,0.001000
1000,4,28,0.003000
1000,4,28,0.001000
1000,4,28,0.002000
1000,4,28,0.001000
1000,4,28,0.004000
1000,4,28,0.000000
1000,4,28,0.000000
1000,4,28,0.001000
1000,4,28,0.004000
1000,4,28,0.010000
1000,4,28,0.002000
1000,4,28,0.006000
1000,4,28,0.002000
1000,4,28,0.003000
1000,4,28,0.011000
1000,4,28,0.002000
1000,4,28,0.001000
1000,4,28,0.006000
1000,4,28,0.006000
1000,4,28,0.001000
1000,4,28,0.005000
1000,4,28,0.003000
1000,4,28,0.003000
1000,4,28,0.001000
1000,4,32,0.026000
1000,4,32,0.082000
1000,4,32,0.016000
1000,4,32,0.004000
1000,4,32,0.007000
1000,4,32,0.009000
1000,4,32,0.001000
1000,4,32,0.000000
1000,4,32,0.008000
1000,4,32,0.001000
1000,4,32,0.010000
1000,4,32,0.002000
1000,4,32,0.012000
1000,4,32,0.012000
1000,4,32,0.005000
1000,4,32,0.009000
1000,4,32,0.016000
1000,4,32,0.009000
1000,4,32,0.019000
1000,4,32,0.072000
1000,4,32,0.031000
1000,4,32,0.002000
1000,4,32,0.047000
1000,4,32,0.009000
1000,4,32,0.006000
1000,4,32,0.010000
1000,4,32,0.009000
1000,4,32,0.034000
1000,4,32,0.011000
1000,4,32,0.138000
1000,4,36,0.363000
1000,4,36,0.026000
1000,4,36,0.010000
1000,4,36,0.069000
1000,4,36,0.002000
1000,4,36,0.812000
1000,4,36,0.102000
1000,4,36,0.005000
1000,4,36,0.212000
1000,4,36,0.042000
1000,4,36,0.051000
1000,4,36,0.047000
1000,4,36,0.012000
1000,4,36,0.033000
1000,4,36,0.130000
1000,4,36,0.067000
1000,4,36,0.027000
1000,4,36,0.057000
1000,4,36,0.232000
1000,4,36,0.044000
1000,4,36,0.019000
1000,4,36,0.056000
1000,4,36,0.005000
1000,4,36,0.000000
1000,4,36,0.157000
1000,4,36,0.146000
1000,4,36,0.044000
1000,4,36,0.014000
1000,4,36,0.007000
1000,4,36,0.034000
1000,4,40,0.014000
1000,4,40,0.042000
1000,4,40,0.221000
1000,4,40,0.887000
1000,4,40,0.143000
1000,4,40,0.299000
1000,4,40,0.687000
1000,4,40,0.229000
1000,4,40,0.670000
1000,4,40,0.284000
1000,4,40,0.342000
1000,4,40,0.594000
1000,4,40,0.999000
1000,4,40,0.104000
1000,4,40,0.481000
1000,4,40,0.032000
1000,4,40,0.247000
1000,4,40,0.002000
1000,4,40,1.147000
1000,4,40,0.198000
1000,4,40,0.064000
1000,4,40,0.139000
1000,4,40,0.655000
1000,4,40,0.471000
1000,4,40,0.684000
1000,4,40,0.061000
1000,4,40,0.096000
1000,4,40,0.050000
1000,4,40,0.077000
1000,4,40,1.525000
1000,4,44,0.499000
1000,4,44,0.261000
1000,4,44,1.726000
1000,4,44,0.425000
1000,4,44,0.308000
1000,4,44,1.872000
1000,4,44,2.529000
1000,4,44,0.226000
1000,4,44,0.501000
1000,4,44,0.719000
1000,4,44,133.224000
1000,4,44,1.503000
1000,4,44,0.043000
1000,4,44,1.942000
1000,4,44,2.416000
1000,4,44,0.217000
1000,4,44,5.245000
1000,4,44,0.117000
1000,4,44,0.911000
1000,4,44,1.162000
1000,4,44,0.806000
1000,4,44,0.841000
1000,4,44,1.223000
1000,4,44,0.476000
1000,4,44,2.436000
1000,4,44,0.963000
1000,4,44,0.155000
1000,4,44,0.502000
1000,4,44,2.509000
1000,4,44,1.021000
1000,4,48,11.137000
1000,4,48,0.457000
1000,4,48,5.801000
1000,4,48,4.651000
1000,4,48,2.500000
1000,4,48,2.417000
1000,4,48,13.611000
1000,4,48,1.555000
1000,4,48,14.036000
1000,4,48,4.345000
1000,4,48,12.914000
1000,4,48,1.281000
1000,4,48,7.989000
1000,4,48,2.436000
1000,4,48,2.894000
1000,4,48,16.171000
1000,4,48,8.379000
1000,4,48,0.005000
1000,4,48,0.096000
1000,4,48,0.139000
1000,4,48,1.414000
1000,4,48,1.488000
1000,4,48,7.898000
1000,4,48,4.866000
1000,4,48,5.294000
1000,4,48,1.731000
1000,4,48,2.958000
1000,4,48,4.244000
1000,4,48,4.959000
1000,4,48,42.324000
1000,4,52,23.812000
1000,4,52,101.720000
1000,4,52,10.461000
1000,4,52,0.737000
1000,4,52,31.106000
1000,4,52,75.603000
1000,4,52,20.692000
1000,4,52,30.048000
1000,4,52,43.032000
1000,4,52,5.400000
1000,4,52,168.426000
1000,4,52,16.498000
1000,4,52,2.991000
1000,4,52,256.180000
1000,4,52,9.654000
1000,4,52,12.361000
1000,4,52,9.211000
1000,4,52,45.537000
1000,4,52,1.495000
1000,4,52,104.095000
1000,4,52,2.161000
1000,4,52,46.098000
1000,4,52,1.554000
1000,4,52,0.727000
1000,4,52,2.392000
1000,4,52,35.625000
1000,4,52,0.920000
1000,4,52,13.735000
1000,4,52,2.592000
1000,4,52,15.721000
